Country Name,Country Code,2005,2006,2007,2008,2009,2010,2011,2012,2013,2014,2015,2016,2017,2018,2019
Afghanistan,AFG,345.9258138,353.720597,392.7104656,398.9711165,472.8422916,526.1036756,511.9985148,557.9496921,568.9645435,565.1792733,556.0072209,552.9969077,553.3550517,546.7430101,555.1389963
Angola,AGO,3220.078085,3464.234669,3806.849178,4077.776844,3963.24842,3988.623646,3979.815051,4167.125797,4220.964805,4272.455537,4166.979833,3924.620471,3790.791565,3595.106667,3458.650512
Albania,ALB,2675.507936,2851.367012,3044.895819,3298.478044,3432.169973,3577.113388,3678.046738,3736.339101,3780.698202,3855.759734,3952.802538,4090.371657,4249.803734,4431.539181,4544.515005
United Arab Emirates,ARE,53844.72281,51197.35585,45388.68166,40755.11178,34580.21323,32534.81755,33246.14059,33996.53889,35495.76527,36995.70172,38663.4005,39400.01783,39798.52173,39670.93153,40438.33852
Argentina,ARG,11192.17958,11970.65539,12919.23536,13310.62368,12398.28358,13551.33919,14200.26989,13895.63371,14071.50868,13567.94842,13789.06042,13360.21183,13595.03736,13105.39716,12712.97074
Armenia,ARM,2364.175935,2697.018983,3093.36934,3335.244164,2884.33947,2958.838999,3098.742304,3312.980008,3406.536118,3511.225059,3607.289299,3601.469664,3860.218058,4051.384967,4350.466198
Australia,AUS,50332.87484,50948.22497,52538.97558,53338.60278,53225.95104,53542.83372,54108.11106,55254.60621,55723.94823,56305.97909,56707.02208,57358.7828,57695.57126,58447.25265,58781.04666
Austria,AUT,41264.67242,42479.26415,43920.04645,44422.18747,42638.04137,43317.08506,44433.12737,44531.96912,44281.56633,44227.37868,44178.04738,44572.32282,45263.51656,46170.39489,46650.98628
Azerbaijan,AZE,2631.758979,3501.041807,4326.961571,4692.912192,5023.790765,5215.020912,5152.657444,5194.738377,5425.905285,5505.988236,5500.310382,5270.552968,5229.526137,5262.183805,5348.26526
Burundi,BDI,295.7371646,301.7906504,302.1070711,306.5074152,307.9042658,313.3118179,315.6569231,319.4385338,324.8286607,328.1471959,305.5496525,294.2188482,286.4315278,281.9702323,278.3193713
Belgium,BEL,38410.60159,39132.02306,40274.0279,40135.70565,39009.52956,39761.9314,39913.04049,39959.5003,39954.24627,40405.16818,40991.80814,41301.40652,41808.94556,42376.20576,43053.78859
Benin,BEN,943.6293117,952.8312272,981.4557454,1000.851485,995.6942065,988.6107855,989.7673545,1008.766303,1051.551916,1087.719957,1076.796698,1082.451288,1112.817094,1155.313168,1201.561384
Burkina Faso,BFA,518.1678672,534.3567179,539.8200175,554.1121212,553.5166745,582.4157341,602.5791469,622.5197112,639.2329213,647.4287022,653.3272681,672.3630399,693.7264393,718.6425595,738.2189012
Bangladesh,BGD,769.1359804,809.4736327,856.0459472,897.1890238,931.9865061,972.9096877,1024.021957,1078.287546,1129.993548,1184.863283,1248.45331,1322.694812,1403.861692,1498.387892,1603.953646
Bulgaria,BGR,5230.983704,5629.419867,6044.759412,6459.640912,6288.67741,6427.810062,6605.08982,6693.612364,6693.450153,6796.689119,7074.681023,7341.047614,7599.124957,7859.678037,8234.781334
Bahrain,BHR,22343.53739,22069.28042,22111.68008,21833.41198,21057.42077,20982.34048,20774.24494,21187.54188,22078.99048,22676.62587,22634.08565,22552.68457,22445.45256,21824.20623,21317.33449
Bosnia and Herzegovina,BIH,3501.563492,3691.05004,3909.971505,4132.191153,4027.691282,4095.960731,4185.304033,4215.619738,4390.648706,4518.465786,4729.689959,4940.759769,5150.273169,5387.269436,5578.266314
Belarus,BLR,3880.01437,4294.228672,4684.980291,5180.712344,5203.854887,5621.937175,5938.22068,6047.871129,6110.904667,6212.912772,5967.052204,5811.197944,5964.892944,6165.90933,6264.860965
Belize,BLZ,4773.623885,4874.468356,4773.334098,4814.477032,4704.834741,4728.773622,4706.072991,4709.310616,4663.921511,4747.067099,4770.232656,4671.914983,4663.281516,4707.401416,4701.043306
Bolivia,BOL,2186.186676,2251.274994,2313.891217,2414.973422,2454.800303,2514.434823,2602.71849,2692.607496,2830.673453,2939.47746,3035.971655,3118.913682,3203.004437,3291.156355,3317.370945
Brazil,BRA,7352.282586,7560.70204,7936.824428,8258.615884,8169.26242,8702.255331,8965.620557,9056.580438,9247.573381,9214.977244,8813.989806,8455.312342,8498.293906,8582.338637,8638.282907
Bhutan,BTN,1489.211777,1572.462107,1840.271602,1909.245906,2017.903478,2235.322677,2386.621111,2479.151723,2500.864512,2612.886268,2752.630172,2940.69997,3040.937003,3097.148351,3238.060464
Botswana,BWA,4986.327986,5294.96971,5612.32779,5837.779265,5286.574918,5642.220049,5899.462841,6089.39911,6704.536817,6895.574413,6402.910183,6729.065594,6855.160311,6973.098846,7027.045357
Central African Republic,CAF,454.5074057,466.9768354,479.1921658,480.4109001,513.9373957,531.7129958,550.0198955,575.5018888,365.1161263,364.083958,377.4229177,391.4735346,404.0024591,412.9902027,418.3155518
Canada,CAN,38573.19977,39776.17947,42097.43512,42063.63305,40368.29204,41155.32364,42036.99784,42315.80739,42846.2842,43635.09548,43596.13554,43536.9134,44325.41678,44917.36981,45118.6591
Switzerland,CHE,76784.63733,79367.90023,81804.86184,82997.69216,80262.48564,82026.72451,82677.59903,82800.07408,83344.52337,84348.39282,84776.14217,85570.39606,86119.14537,87980.67069,88413.19171
Chile,CHL,10349.64301,10887.86378,11300.54874,11574.72861,11273.6175,11809.14163,12406.41357,12941.03,13333.34683,13425.68328,13574.16924,13624.67855,13590.99135,13901.01831,13866.95584
China,CHN,3390.71017,3800.759082,4319.023769,4711.635127,5128.895068,5647.058752,6152.686005,6591.650851,7056.410627,7532.771996,8016.431435,8516.513699,9053.212733,9619.192484,10155.41756
Cote d'Ivoire,CIV,1565.428488,1575.142848,1557.908294,1596.255237,1616.378192,1687.216519,1558.968697,1637.392804,1769.214869,1887.16489,1972.545683,2061.215247,2157.245195,2247.776609,2327.745364
Cameroon,CMR,1217.756953,1230.139212,1248.662599,1249.375186,1246.807419,1248.180462,1255.47724,1278.164384,1306.027478,1343.928455,1382.50979,1407.274522,1419.176134,1437.271534,1449.277548
"Congo, Dem. Rep.",COD,363.6675479,370.8858346,381.4555677,392.0747166,390.1121089,404.1516141,417.7570285,432.6784074,453.9989387,480.7661915,497.3170391,492.8027749,494.7812485,506.9582737,512.5863194
"Congo, Rep.",COG,2171.443137,2268.244316,2046.644837,2102.296455,2271.130999,2421.709029,2406.925446,2578.661769,2497.949709,2601.458383,2447.539308,2128.859175,1983.900547,1840.433629,1792.307167
Colombia,COL,4402.899082,4638.471905,4890.277607,4991.789212,4992.823174,5162.705636,5468.19554,5631.21737,5866.873788,6069.186783,6175.87603,6219.149691,6208.98702,6271.875121,6390.368057
Comoros,COM,1182.210908,1184.829327,1166.021015,1183.872149,1192.678434,1208.480763,1227.969072,1237.003155,1261.904692,1258.070703,1242.585608,1254.54004,1273.13658,1290.289966,1284.286519
Costa Rica,CRI,8606.333699,9109.530305,9725.38492,10052.6829,9837.876584,10236.98032,10559.20596,10945.03501,11090.08844,11355.3311,11642.77805,12004.67131,12375.92373,12573.95585,12735.09282
Cuba,CUB,5182.819696,5808.349565,6235.7659,6500.652601,6601.026389,6759.342799,6942.057697,7138.368173,7317.853996,7378.696264,7694.014637,7726.495044,7863.394684,8040.987995,8031.03542
Cyprus,CYP,25629.58417,26393.67865,27154.90072,27447.24093,26181.7436,26019.76438,25466.1084,24216.52852,22682.26657,22513.77926,23408.33668,24805.20256,26013.83282,27161.40335,28211.06465
Czech Republic,CZE,14978.41319,15948.74529,16739.17872,17046.88503,16160.62056,16505.9537,16761.82731,16606.99254,16593.86423,16951.37912,17829.69832,18247.01173,19139.23988,19685.49448,20202.15159
Germany,DEU,35296.27286,36684.6907,37827.14217,38262.9221,36175.84148,37745.73075,39961.26765,40053.2429,40118.87838,40834.73633,41086.72967,41665.27277,42622.40993,42956.01129,43311.62898
Djibouti,DJI,,,,,,,,,2386.248188,2510.94529,2658.949245,2789.69381,2893.758813,3088.56378,3278.527362
Denmark,DNK,51835.83271,53687.44155,53935.87025,53345.35762,50457.23249,51173.46616,51644.46351,51567.04015,51831.79793,52404.76397,53254.85637,54556.06895,55735.7649,56563.48847,57553.13124
Dominican Republic,DOM,4647.037875,5006.552377,5308.632394,5409.947949,5393.470287,5771.918418,5881.135421,5969.352761,6187.283014,6547.307977,6921.520594,7300.033285,7556.85365,7997.761109,8314.344819
Algeria,DZA,3752.096161,3760.155368,3828.148476,3856.407659,3851.213777,3918.48642,3956.895815,4012.361506,4042.923638,4112.076024,4177.889542,4224.037263,4192.337692,4154.219038,4115.39554
Ecuador,ECU,4892.691322,5023.291052,5048.144555,5280.71364,5224.838337,5323.737482,5654.92807,5885.099861,6084.443907,6218.239195,6124.490887,5947.00199,5981.132618,5952.218084,5853.81306
Egypt,EGY,2830.350138,2970.944754,3126.274998,3290.94074,3381.115376,3485.282198,3472.598293,3472.148298,3468.468828,3489.864124,3562.932658,3638.894927,3712.603653,3831.199835,3964.987129
Spain,ESP,26135.65158,26751.88141,27207.87312,27014.81478,25768.92618,25692.36964,25392.74712,24625.27029,24351.46219,24762.38087,25732.01836,26489.65868,27213.45167,27714.65755,28091.01233
Estonia,EST,14625.50435,16148.71176,17452.07837,16600.89051,14199.68319,14579.974,15686.47909,16250.93541,16546.72749,17089.77037,17395.04062,17938.72927,18954.78591,19669.76485,20399.56934
Ethiopia,ETH,310.4826498,334.727438,362.9693134,391.2555721,414.1204941,453.2988293,489.9926725,517.513461,556.3262878,596.455128,640.5419231,682.2393577,727.8440543,757.3504167,799.7951343
Finland,FIN,42513.519,44056.30967,46194.05983,46339.98058,42395.04483,43546.05619,44448.93852,43619.70304,43027.68962,42693.74812,42784.69836,43861.32391,45155.46603,45610.57926,46116.52771
France,FRA,35199.73432,35811.34379,36453.43482,36342.70399,35117.32352,35625.47404,36230.96922,36168.93936,36190.61048,36363.99158,36638.18493,36941.93624,37678.9273,38276.46942,38896.68543
Gabon,GAB,7504.259959,7091.720042,7301.228842,6845.944588,6634.718677,6863.538764,7086.387782,7181.21372,7304.779664,7350.051298,7384.700704,7313.139965,7145.117564,7019.827554,7116.081268
United Kingdom,GBR,43137.25515,43927.88602,44576.36766,44120.92954,41928.60985,42487.92541,42771.64112,43099.59735,43621.05923,44596.18975,45404.56777,46081.71529,46746.64189,47231.33689,47750.87966
Georgia,GEO,2329.570854,2563.543091,2901.104094,2980.309535,2897.130877,3100.723427,3356.997868,3597.203764,3738.70504,3902.568799,4014.185944,4128.385603,4327.727585,4539.087522,4773.423309
Ghana,GHA,1175.86166,1219.562125,1240.161967,1319.173589,1348.341403,1419.120302,1579.699593,1686.069544,1767.80207,1777.096707,1774.074771,1793.180856,1896.366732,1970.260829,2053.586731
Guinea,GIN,661.1025032,654.7476882,683.9001161,696.0313211,672.6307283,689.2566887,711.9908716,737.7130522,749.8700765,759.5878624,769.2554754,830.2461639,890.7886425,920.9642433,945.7693487
Gambia,GMB,711.2819446,686.1299899,686.1423797,707.7285068,732.7855425,753.1767906,671.3696372,685.464249,684.0815346,654.3509339,660.7235712,653.7329927,665.2132215,692.6320982,714.0818299
Greece,GRC,22176.69644,23359.95667,24063.32124,23919.08815,22830.26326,21551.68438,19393.00707,18116.38395,17789.10216,17993.18087,18076.60676,18063.51485,18296.9479,18639.99795,18996.188
Guatemala,GTM,3320.164071,3427.678267,3573.599636,3620.830465,3570.302838,3606.430549,3688.866164,3731.675784,3802.153802,3903.059615,3994.636913,4034.158482,4091.268,4160.071138,4254.035159
Guyana,GUY,3944.444745,4145.784793,4443.072619,4512.38526,4681.648276,4847.43148,5088.607045,5338.712684,5505.389992,5568.218212,5576.825852,5759.691656,5945.068732,6178.889746,6478.287688
"Hong Kong, China",HKG,32401.20688,34457.83319,36371.45588,36923.8554,35938.36813,38089.77894,39656.07762,39887.57824,40959.7278,41796.58925,42431.88828,43084.76508,44384.76858,45284.85959,44189.69253
Honduras,HND,1967.217298,2048.267568,2126.491634,2168.587491,2071.770755,2106.002756,2144.69981,2191.888954,2212.660108,2240.334719,2286.203037,2334.75241,2406.747191,2457.966708,2482.120205
Croatia,HRV,11399.77534,11959.92321,12550.23395,12789.6358,11870.794,11748.94483,11779.52999,11546.70174,11536.86016,11543.87628,11933.37738,12441.50254,13021.67166,13519.55883,14068.04453
Haiti,HTI,1283.897146,1285.703399,1324.870681,1338.763435,1395.705502,1296.805666,1342.543642,1329.465754,1366.992645,1370.986894,1386.854191,1393.176577,1409.632537,1414.999409,1373.883104
Hungary,HUN,11282.92991,11746.63121,11797.42897,11937.04911,11167.02945,11313.52289,11556.67264,11470.40343,11709.80143,12237.31167,12720.71202,13037.96469,13630.68824,14379.4442,15041.09858
Indonesia,IDN,2199.093914,2289.422012,2402.667542,2513.671592,2595.298759,2720.191622,2849.354985,2980.61011,3104.348,3217.317468,3331.695115,3456.928114,3589.715543,3732.867111,3877.382977
India,IND,953.567973,1014.627641,1075.994087,1093.076551,1162.498808,1244.366016,1292.821206,1346.67591,1415.828722,1503.421507,1605.605445,1719.318076,1816.730876,1915.435271,1972.757821
Ireland,IRL,49361.92019,50441.97552,51604.51863,48294.54102,45368.15623,45913.54544,46202.22879,45982.77713,46320.83716,49990.32605,61987.551,62543.46906,67397.11868,72578.43784,75112.80503
Iran,IRN,4634.010618,4811.05424,5146.412623,5103.227951,5097.791086,5332.108057,5409.202243,4946.536128,4876.124506,5035.816022,4904.327315,5486.407964,5614.117876,5203.16947,4785.027876
Iraq,IRQ,3493.344742,3619.885906,3626.945884,3859.758174,3909.291582,4052.062613,4218.382369,4630.736522,4793.539392,4627.834818,4688.318017,5183.408969,4961.404508,4975.381048,5154.276848
Iceland,ISL,48850.76586,50731.69069,53646.36902,53821.47082,49527.39883,48193.7014,48933.54566,49191.57442,50946.81626,51233.24405,52951.68151,55513.6423,56501.45768,57699.45893,57818.85946
Israel,ISR,28809.64251,29939.93719,31207.60199,31718.48915,31323.31201,32504.71335,33678.13146,33995.42769,34960.94336,35710.88627,35808.43643,36680.32213,37550.72769,38301.45366,38995.23045
Italy,ITA,33244.39755,33738.12916,34067.38703,33516.87829,31602.55897,32045.28407,32216.498,31172.01976,30245.46146,29967.86442,30230.2263,30673.30784,31231.66445,31580.77718,32078.09159
Jamaica,JAM,5138.44741,5259.748096,5308.440332,5239.532824,4986.816494,4888.579138,4945.948846,4887.586951,4884.392,4889.986309,4907.927415,4949.369484,4973.724172,5043.54079,5065.374889
Jordan,JOR,4341.188718,4515.591134,4678.835063,4786.748451,4781.60509,4644.16937,4521.40808,4386.745095,4274.547909,4221.089517,4164.108769,4119.252115,4105.720951,4109.752429,4133.549805
Japan,JPN,33098.54747,33531.51856,33990.03603,33557.6454,31651.08377,32942.20208,33011.13423,33518.44494,34239.88625,34386.90586,34960.63938,35264.81336,35914.64127,36188.62003,36362.35732
Kazakhstan,KAZ,7155.343663,7837.629145,8438.104645,8554.823573,8487.54483,8979.332284,9506.734053,9823.693897,10264.29807,10539.04468,10510.77189,10476.34757,10758.52088,11053.36206,11402.76011
Kenya,KEN,1195.773841,1238.537024,1287.24979,1255.025094,1261.348515,1326.385821,1357.253632,1381.968708,1397.378658,1430.445225,1464.554009,1489.758779,1510.581385,1559.243695,1600.128419
Kyrgyz Republic,KGZ,820.7159801,837.1337991,900.0255139,966.4153604,982.3771732,966.15073,1011.315529,993.7374233,1080.54823,1101.705332,1121.082835,1146.103221,1177.438736,1197.610724,1226.824464
Cambodia,KHM,696.3394218,759.6475658,824.8493502,867.1214601,854.9557547,892.1004421,940.1118195,992.5498342,1048.132495,1104.74997,1162.904995,1224.220428,1289.985814,1365.829057,1441.179228
South Korea,KOR,21193.35751,22192.18512,23360.90574,23882.7305,23948.47224,25451.00416,26186.89754,26675.44017,27394.65031,28094.9177,28732.23108,29461.78401,30307.39524,31040.65545,31674.31152
Kuwait,KWT,39849.59691,40976.67686,41170.67079,39777.28691,34800.30883,32035.37848,33166.91962,33455.23897,32136.13317,30857.16042,29869.55275,29801.23802,27702.18785,27496.84619,27156.47535
Lao,LAO,1172.217346,1252.693903,1325.441644,1405.123505,1485.476562,1586.20293,1687.147369,1795.137631,1910.531051,2025.47216,2140.044323,2255.311879,2373.597379,2483.161575,2579.253661
Lebanon,LBN,6682.651565,6699.231282,7311.317268,7978.744777,8706.915476,9135.500685,8773.738319,8451.412881,8216.500456,7950.171897,7663.920232,7574.603545,7516.194447,7345.134054,6823.104085
Liberia,LBR,553.5675654,578.1373364,608.9904212,626.1105538,633.6106467,648.5526835,679.7146383,713.0672979,754.4584876,740.3759591,721.5810505,692.6188889,692.2030424,683.2512964,650.4133691
Libya,LBY,7825.220686,8208.956755,8601.957836,8709.028767,8534.223623,8870.660932,3337.315927,7401.481635,6359.87314,4801.830731,4337.919139,4168.691677,5209.865701,5910.388762,5971.849646
Sri Lanka,LKA,2244.821288,2398.43236,2542.593553,2674.746321,2750.201906,2950.390721,3176.920341,3462.936684,3552.698559,3694.300426,3843.780672,3972.10259,4067.993065,4157.283876,4225.106303
Lesotho,LSO,835.6097832,873.6626167,911.6284267,961.8700492,948.3594912,995.581359,1037.248489,1096.828456,1109.037118,1119.771667,1146.064688,1178.018451,1132.009269,1109.255917,1096.216969
Lithuania,LTU,9762.560746,10655.11429,11980.10441,12420.40211,10695.4873,11102.48434,12041.87765,12673.59485,13257.00195,13844.43133,14258.22933,14804.29689,15655.69889,16436.97366,17234.323
Luxembourg,LUX,101181.3464,105571.7146,112372.6776,110050.5255,104532.3027,106501.2181,105247.914,104445.7319,105296.6015,105541.4839,105419.6085,108307.8863,107099.0479,107158.7363,108526.374
Latvia,LVA,10523.67968,11891.43762,13180.94534,12888.25214,11235.88167,10959.27048,11446.84698,12405.31807,12791.02264,13157.39161,13780.91355,14236.70623,14839.30822,15552.02045,16049.57936
Morocco,MAR,2109.062152,2242.397026,2294.51406,2401.601752,2472.793324,2534.259141,2631.454192,2673.045775,2754.849199,2788.72087,2875.257985,2867.015761,2950.212116,3004.63223,3044.906231
Moldova,MDA,1907.115121,2004.219389,2069.135002,2234.777879,2103.344616,2254.93281,2387.508583,2373.739891,2589.111312,2720.214802,2732.457113,2885.874216,3072.79692,3260.527376,3435.477444
Madagascar,MDG,471.1949165,482.3348883,495.3631328,513.733067,479.5599684,469.2405278,463.6627472,464.7431741,462.7077839,465.4162755,467.2354316,473.005165,478.6106571,480.8888925,488.9395504
Maldives,MDV,6589.127171,8109.574119,8534.904233,9119.296448,8222.044459,8521.838105,8892.911397,8732.629171,8954.556592,9181.711739,9033.41027,9190.003255,9437.906316,9822.53964,10197.09284
Mexico,MEX,8877.851291,9142.804774,9214.353534,9181.399967,8568.618149,8878.561377,9076.301453,9280.258638,9282.991933,9426.324588,9616.645558,9751.569083,9842.400712,9945.776845,9820.448553
North Macedonia,MKD,3600.952284,3779.675026,4017.792101,4230.733086,4207.804898,4339.96438,4433.887466,4408.296437,4530.682107,4687.296388,4861.553971,4994.558952,5043.692248,5184.694471,5386.200325
Mali,MLI,687.934849,696.6750709,697.348627,706.7108272,716.9127865,731.5337969,732.3973648,705.139447,700.6975972,728.8782936,751.4728866,772.1318362,789.0726281,802.0336182,815.3790987
Malta,MLT,18133.97158,18521.55613,19338.3447,19948.08282,19573.77112,20557.64638,20566.33643,21221.51164,22070.96727,23286.12311,24921.60368,25354.17544,26672.23187,27090.93248,27489.4212
Myanmar,MMR,542.2191403,609.9960293,681.8170593,752.6491477,825.6948861,902.541871,962.9954522,1017.014364,1088.059541,1167.630993,1196.743357,1313.40763,1380.152827,1459.643006,1548.45663
Montenegro,MNE,5010.949707,5433.450713,5795.467193,6203.040775,5831.045816,5979.519005,6166.08448,5993.088089,6199.727716,6304.192748,6514.272695,6704.845008,7020.287014,7378.500276,7680.74113
Mongolia,MNG,2068.398544,2216.922881,2411.166549,2587.777933,2514.916555,2629.648326,3028.16166,3335.793592,3650.601509,3860.325723,3875.321675,3858.515184,4000.83782,4233.972689,4394.988134
Mozambique,MOZ,383.7107749,409.2047841,428.7693646,447.6843601,463.1194882,479.8844861,501.5002444,523.2940376,544.4475127,568.5913343,589.85905,595.0776111,599.6915244,602.5301054,598.8133059
Mauritania,MRT,1378.595272,1585.356224,1510.165016,1462.3674,1421.8825,1417.049466,1433.335677,1453.811964,1470.153385,1488.776422,1524.071753,1499.836222,1549.57631,1575.31217,1620.994996
Mauritius,MUS,6316.442961,6592.950734,6938.849694,7286.245915,7507.827972,7817.841119,8123.596983,8384.323785,8646.992238,8954.557475,9260.447303,9609.250985,9966.769668,10335.84858,10643.77108
Malawi,MWI,289.0468576,294.5204004,313.8881112,328.3659413,345.6349986,358.9409028,365.7361036,362.1315659,370.3008243,380.5889783,380.5969877,379.6239342,384.4207507,390.8407067,401.3926721
Malaysia,MYS,7274.971097,7531.364872,7850.426535,8073.934416,7808.658008,8247.782262,8550.154638,8888.702522,9179.366821,9601.178003,9955.242722,10258.04151,10707.7483,11075.57648,11414.5787
Namibia,NAM,3680.65922,3875.022109,4011.639448,4043.64588,3982.226394,4147.315398,4282.036821,4420.72686,4587.978876,4782.03194,4896.61526,4808.650824,4670.94927,4632.390893,4506.173928
Niger,NER,411.1275495,419.5157838,416.746825,432.3193913,424.3267894,443.3512654,436.549668,464.1477367,470.0864632,482.1362248,484.1531374,492.5639681,497.7198853,513.6267859,523.8842345
Nigeria,NGA,1948.048436,2012.844772,2089.777154,2172.793771,2285.734601,2403.645256,2464.345044,2500.641181,2597.008957,2688.267243,2687.480056,2575.455449,2529.385248,2512.192392,2502.652281
Nicaragua,NIC,1573.053035,1616.079881,1674.941973,1708.820807,1630.088517,1679.037115,1761.214111,1850.700029,1916.277595,1981.747734,2049.851666,2115.934767,2185.913301,2086.033381,1984.816775
Netherlands,NLD,42184.80696,43574.77519,45120.52912,45920.67702,44009.89998,44372.65591,44851.27193,44225.18435,44037.59054,44503.99321,45175.23189,45920.31402,46978.4488,47807.58895,48424.25384
Norway,NOR,73036.74036,74189.56678,75624.4412,75043.52946,72823.30244,72426.56522,72194.781,73178.78495,73046.90503,73650.31354,74355.51586,74493.11794,75610.64948,75953.58195,76005.22479
Nepal,NPL,617.7939891,630.6874562,644.3944018,676.4507099,701.4083396,731.6618133,755.9141324,790.9881496,821.0732055,870.7816903,901.7496077,897.403788,964.8977952,1021.331877,1069.789098
New Zealand,NZL,35064.49646,35637.60724,36375.78281,35666.1902,35263.67132,35406.67675,35930.70084,36534.93666,37232.66132,38015.92958,38630.72659,39181.69283,39758.26432,40304.36143,40315.47098
Oman,OMN,19448.46521,19941.33827,20230.29946,21142.88633,21458.38681,20640.30778,19868.11831,20102.24051,19654.21611,18610.81158,18444.927,18459.22481,17774.45186,17393.54899,16694.13227
Pakistan,PAK,1175.437453,1216.555531,1246.579612,1239.420494,1246.367912,1238.873484,1245.737437,1262.299215,1290.368627,1322.720641,1356.667831,1402.087871,1449.533515,1502.891343,1489.653604
Panama,PAN,7815.225209,8337.585391,9169.15312,9893.695548,9840.332935,10232.3599,11193.99032,12079.54467,12695.23487,13113.26647,13630.30114,14062.44366,14596.74109,14880.66278,15073.00076
Peru,PER,3867.5274,4123.797525,4438.593961,4804.804797,4818.597212,5177.841284,5460.935651,5748.590835,6030.420249,6109.156884,6229.100674,6380.025857,6432.924329,6574.31669,6611.492764
Philippines,PHL,2077.767983,2149.329938,2250.609385,2309.726212,2304.836545,2433.008524,2484.489204,2610.967768,2740.456489,2866.822056,3001.043182,3167.502416,3338.441533,3500.933789,3664.79067
Poland,POL,8569.429971,9100.598829,9748.534077,10156.58426,10437.16185,10858.53483,11369.02962,11519.68501,11656.40309,12059.24671,12578.49547,12979.25526,13604.54047,14332.91589,15016.6733
Portugal,PRT,19216.30507,19493.39197,19942.82228,19977.6625,19335.50252,19662.45203,19357.39531,18647.45676,18577.08158,18825.47945,19242.36647,19692.98868,20433.26671,21049.15065,21608.71971
Paraguay,PRY,3922.558526,4049.162522,4208.04873,4420.35043,4349.674295,4767.277902,4904.146907,4803.050296,5130.453891,5329.369797,5413.776021,5570.605349,5762.732645,5871.281311,5774.16616
Palestine,PSE,2632.246274,2540.267631,2569.984341,2685.986018,2840.01595,2927.08102,3128.108111,3237.9162,3309.631202,3227.849345,3272.154324,3483.099035,3462.979861,3417.794408,3378.434621
Qatar,QAT,57624.12724,61522.39931,60926.7383,60799.13225,59090.90637,63001.71005,65129.37741,63233.7087,62733.43064,62784.90093,63039.11263,62800.36806,60262.74609,59757.79609,59098.52871
Romania,ROU,6299.409918,6845.611332,7450.054733,8280.304395,7888.895847,7626.294198,7809.976847,8004.909206,8337.673611,8670.975807,8969.148921,9444.994917,10195.07473,10714.01536,11221.70839
Russia,RUS,7323.379289,7949.890356,8640.398801,9093.692616,8381.861175,8755.113368,9124.467601,9475.682559,9621.509885,9520.940335,9313.013625,9313.968066,9473.180096,9739.899916,9942.374057
Rwanda,RWA,456.590745,487.5189902,511.6951103,553.8304407,572.9021485,599.2074262,630.9322169,668.7991129,683.401662,707.7367654,751.0773926,775.4756879,785.3046337,830.4293412,885.5996116
Saudi Arabia,SAU,18683.38383,18669.62029,18496.33117,19117.93565,18202.69916,18568.36986,19813.25892,20249.8045,20175.55795,20327.67496,20627.92693,20503.38177,19946.95537,20067.77873,19801.87422
Sudan,SDN,1302.553063,1349.621566,1388.205648,1402.908119,1328.226518,1344.171288,1423.379128,1314.220253,1308.153588,1336.501782,1329.635962,1343.134389,1320.646097,1254.859074,1198.517867
Senegal,SEN,1133.71699,1130.363966,1132.006682,1142.866887,1142.86595,1149.646473,1133.193343,1146.178064,1141.42689,1178.912893,1219.249415,1260.848057,1316.844688,1360.239278,1381.601793
Singapore,SGP,41726.11407,44082.29215,46098.42873,44526.02174,43255.4559,48668.57662,50685.2962,51663.4924,53292.61327,54676.70442,55646.61875,56757.91827,59271.05682,61056.58403,61173.90477
Sierra Leone,SLE,471.8881603,476.3288206,500.9282349,515.57811,520.2143399,535.820735,556.8468994,627.1159414,740.3311333,757.1691812,588.2288628,610.4900558,622.5303183,630.4824554,649.7603019
El Salvador,SLV,3140.032963,3261.763941,3308.049627,3364.100436,3280.020388,3334.932842,3447.350131,3528.867124,3591.427069,3636.010312,3705.579704,3781.378574,3846.973934,3920.526278,3993.529062
Somalia,SOM,,,,,,,,,330.4187817,345.7007906,386.437817,407.4258551,406.4272313,425.4165994,446.8542142
Serbia,SRB,4404.960887,4648.198088,4967.620857,5270.959534,5147.570156,5206.087957,5354.201659,5343.580053,5524.969135,5462.73603,5588.980728,5805.899396,5959.522673,6261.527139,6567.909564
South Sudan,SSD,,,,2310.332481,2319.217438,2352.416049,2169.70593,1137.12983,1256.444415,1274.239618,1119.651437,,,,
Suriname,SUR,7550.378545,7895.634756,8203.608993,8445.364956,8600.246621,8941.993263,9358.026438,9502.017794,9672.669637,9592.518694,9168.237157,8628.855726,8677.782174,9020.440787,9035.197014
Slovak Republic,SVK,11421.30417,12390.76604,13728.93094,14481.87906,13673.58207,14520.56149,14884.32285,15060.83278,15143.1646,15540.63222,16335.6454,16629.74464,17098.78782,17723.02119,18160.17889
Slovenia,SVN,19231.66415,20271.99768,21566.07868,22287.73996,20419.95612,20604.30164,20738.64647,20148.90054,19914.46388,20445.60933,20881.76693,21532.51516,22554.68652,23466.93053,24061.60388
Sweden,SWE,45990.37433,47864.81086,49145.19583,48544.11589,46043.48094,48369.91004,49539.97261,48885.54842,49048.81875,49855.30101,51545.48361,51955.86107,52576.81028,52983.00686,53490.35182
Eswatini,SWZ,2902.099077,3059.609713,3175.223335,3179.064297,3205.875216,3304.439792,3356.043831,3513.376924,3623.660208,3629.799017,3680.349473,3686.215665,3724.761904,3774.621243,3833.246815
Syria,SYR,1433.815243,1451.002284,1470.165882,1477.572513,1524.941427,1592.350737,1659.54095,1260.888751,970.1117626,910.4424922,916.3580331,891.0959626,903.7536858,925.2420459,952.8848807
Chad,TCD,676.1621123,657.0847359,655.9425672,653.8711528,659.2523295,724.0305855,700.6627053,737.6126079,753.9626233,779.8466467,776.0197523,704.9600718,663.1647294,658.6888919,660.0699288
Togo,TGO,467.8188481,467.6141135,449.8269181,455.5532956,467.9041431,483.2360995,500.5705222,519.3212231,536.7290255,553.909506,570.9099672,587.6580627,598.1914231,612.785751,630.7905096
Thailand,THA,4412.444295,4603.752447,4826.871477,4884.417785,4826.321427,5163.597664,5182.042369,5531.349019,5654.28542,5685.402121,5840.053067,6018.177484,6247.992078,6489.257186,6617.542822
Tajikistan,TJK,630.781964,661.9430059,699.4219212,739.262575,751.9463107,783.5193787,822.9032077,864.700443,907.3781037,945.5254403,978.4049812,1020.616156,1066.406748,1119.642848,1174.091716
Turkmenistan,TKM,2786.773872,3056.916879,3353.144774,3794.922165,3968.373007,4265.948601,4810.896166,5249.704149,5679.019269,6149.426054,6432.685325,6714.377521,7032.457913,7349.459106,7692.578707
Trinidad and Tobago,TTO,15312.7211,17254.65028,17993.49737,18518.88385,17618.83412,18105.34475,17943.48295,18054.6947,18335.882,18053.47975,18214.46062,17103.86558,16515.02512,16457.19416,16192.3235
Tunisia,TUN,3350.563726,3493.627809,3690.582873,3806.461136,3880.846556,3975.729073,3870.75792,3983.250877,4029.255783,4097.073215,4094.836287,4095.175592,4139.656377,4195.251005,4206.954025
Turkey,TUR,7738.578215,8173.536251,8483.966136,8451.479111,7942.031331,8491.588652,9299.137303,9586.769088,10225.71609,10549.67606,11006.27952,11187.05364,11835.26111,12006.81588,11955.43346
Tanzania,TZA,692.4770826,717.2611618,744.5248611,764.8581586,782.3978439,808.1404996,844.9060939,857.0876977,888.2631715,920.0779862,947.9333517,983.1658654,1018.98966,1042.987717,1071.350062
Uganda,UGA,610.4893199,655.335154,688.4214508,725.1252029,750.2984199,767.7385267,813.5351388,818.307499,820.6864349,834.1526237,847.2676289,855.8971759,850.1621977,870.7087403,894.5203669
Ukraine,UKR,2144.247845,2322.244681,2528.081134,2598.832985,2215.271969,2315.099789,2449.957703,2459.75688,2466.484154,2346.236976,2124.662319,2185.317133,2246.738642,2336.976329,2425.634642
Uruguay,URY,10169.59687,10574.93235,11245.21946,12021.63842,12496.40299,13433.06207,14086.0179,14541.03267,15168.41863,15609.02105,15613.74597,15821.35902,16020.3805,16037.93211,16036.2964
United States,USA,52796.08982,53782.29729,54272.71955,53688.36514,51869.70631,52759.99808,53190.23112,53989.24834,54604.13005,55574.35682,56863.3715,57418.93385,58387.77581,59821.59227,60836.77145
Uzbekistan,UZB,1560.292008,1656.222593,1787.490213,1917.849372,2037.581498,2131.357731,2231.052724,2354.593655,2487.244416,2613.748262,2753.971072,2867.051128,2943.099222,3047.308384,3161.415381
Venezuela,VEN,,,,,,,,,,,,,,,
Vietnam,VNM,1273.345509,1349.563698,1432.205814,1498.838365,1564.347486,1648.2618,1733.311285,1805.36117,1883.308537,1975.079058,2085.101349,2191.819699,2317.369069,2456.791224,2604.224166
Yemen,YEM,2536.188835,2543.208024,2554.653047,2574.100985,2599.490011,2722.521398,2311.205082,2302.14829,2348.517585,2282.691868,1601.830063,1415.839376,1311.843419,1290.925239,
South Africa,ZAF,5587.793352,5826.826199,6060.394209,6170.905329,5992.027283,6084.967978,6182.793901,6231.620759,6284.86025,6273.566318,6259.839681,6209.365888,6192.8924,6199.891699,6125.735325
Zambia,ZMB,918.310355,965.0655707,1018.119681,1067.755238,1133.85341,1214.694994,1244.137787,1297.762597,1321.248838,1340.810981,1338.290927,1347.748086,1354.407115,1368.601756,1348.738357
Zimbabwe,ZWE,1137.30318,1090.818029,1042.355344,849.6115841,940.5316649,1110.447012,1248.729206,1432.305854,1435.062663,1443.617777,1445.069702,1433.608776,1479.376056,1529.026374,1414.829099